X,Y,Region,material,Site,Feature Number,Excavation istitute,BP,Error,Type
127.378916,37.680931,경기,Charcoal,가평 대성리,25 ,경기문화재연구원,1825,20,呂·凸자형
127.378916,37.680931,경기,Charcoal,가평 대성리,16 ,경기문화재연구원,1840,20,呂·凸자형
127.378916,37.680931,경기,Charcoal,가평 대성리,22 ,경기문화재연구원,1845,20,呂·凸자형
127.378916,37.680931,경기,Charcoal,가평 대성리,5 ,경기문화재연구원,1855,25,呂·凸자형
127.378916,37.680931,경기,Charcoal,가평 대성리,11 ,경기문화재연구원,1855,25,呂·凸자형
127.378916,37.680931,경기,Charred material,가평 대성리,10 ,경기문화재연구원,1859,17,呂·凸자형
127.378916,37.680931,경기,Charred material,가평 대성리,6 ,경기문화재연구원,1865,20,呂·凸자형
127.378916,37.680931,경기,Charcoal,가평 대성리,14 ,경기문화재연구원,1871,16,呂·凸자형
127.378916,37.680931,경기,"Charcoal, Charred material",가평 대성리,3 ,경기문화재연구원,1875,15,呂·凸자형
127.378916,37.680931,경기,Charcoal,가평 대성리,1  ,겨례문화유산연구원,1881,8,呂·凸자형
127.378916,37.680931,경기,Charcoal,가평 대성리,18 ,경기문화재연구원,1890,25,呂·凸자형
127.378916,37.680931,경기,Charred seed,가평 대성리,10,겨례문화유산연구원,1899,9,呂·凸자형
127.378916,37.680931,경기,Charcoal,가평 대성리,4  ,겨례문화유산연구원,1917,9,呂·凸자형
127.378916,37.680931,경기,Charcoal,가평 대성리,7  ,겨례문화유산연구원,1925,25,呂·凸자형
127.378916,37.680931,경기,Charred material,가평 대성리,19 ,경기문화재연구원,1930,20,呂·凸자형
127.378916,37.680931,경기,Charcoal,가평 대성리,6  ,겨례문화유산연구원,1970,20,呂·凸자형
127.3945,37.76334,경기,Charcoal,가평 덕현리,C-1-1,한림대학교박물관,1831,35,呂·凸자형
127.547765,37.885677,경기,Charcoal,가평 목동리,삼국-2,국토문화재연구원,1490,22,방형
127.547765,37.885677,경기,Charcoal,가평 목동리,삼국-5,국토문화재연구원,1379,19,장방형
127.547765,37.885677,경기,Charcoal,가평 목동리,삼국-10,국토문화재연구원,1477,24,방형
127.515236,37.82972,경기,Charcoal,가평 읍내리,철기시대 주거지,경강문화재연구원,1920,24,呂·凸자형
127.512166,37.831534,경기,Charcoal,가평 읍내리,2,경강문화재연구원,1275,22,신라
127.512166,37.831534,경기,Charcoal,가평 읍내리,3,경강문화재연구원,1740,30,신라
127.512166,37.831534,경기,Charcoal,가평 읍내리,4,경강문화재연구원,1260,30,신라
127.515236,37.82972,경기,Charcoal,가평 읍내리,철기시대 주거지,경강문화재연구원,1920,24,불명
127.512046,37.832895,경기,Charcoal,가평 읍내리,통일신라시대 주거지,한국문화재재단,1235,15,신라
127.413167,37.727682,경기,Charcoal,가평 청평리,원삼국-1,서울문화유산연구원,1780,30,呂·凸자형
127.413167,37.727682,경기,Charcoal,가평 청평리,원삼국-4,서울문화유산연구원,1695,22,呂·凸자형
127.414004,37.72769,경기,Charcoal,가평 청평리,주-1(1),한국문화재재단,1655,14,呂·凸자형
127.414004,37.72769,경기,Charcoal,가평 청평리,주-1(2),한국문화재재단,1752,17,呂·凸자형
127.414004,37.72769,경기,Charcoal,가평 청평리,주-2,한국문화재재단,1753,16,장방형
127.414004,37.72769,경기,Charcoal,가평 청평리,주-4,한국문화재재단,1865,24,불명
127.413689,37.727308,경기,Charcoal,가평 청평리,주거지-1,한국문화재재단,1708,26,呂·凸자형
127.413689,37.727308,경기,Charcoal,가평 청평리,주거지-2,한국문화재재단,1784,26,呂·凸자형
127.413689,37.727308,경기,Charcoal,가평 청평리,주거지-3,한국문화재재단,1617,23,呂·凸자형
127.364665,37.795516,경기,Charcoal,가평 항사리,가-4,고려문화재연구원,1600,60 ,呂·凸자형
127.364665,37.795516,경기,Charcoal,가평 항사리,가-10,고려문화재연구원,1600,60 ,呂·凸자형
127.364665,37.795516,경기,Charcoal,가평 항사리,가-9,고려문화재연구원,1620,60 ,呂·凸자형
127.364665,37.795516,경기,Charcoal,가평 항사리,가-2,고려문화재연구원,1620,60 ,呂·凸자형
127.364665,37.795516,경기,Charcoal,가평 항사리,가-8,고려문화재연구원,1690,60 ,呂·凸자형
127.364665,37.795516,경기,Charcoal,가평 항사리,나-9,고려문화재연구원,1720,50 ,呂·凸자형
127.364665,37.795516,경기,Charcoal,가평 항사리,나-10,고려문화재연구원,1720,50 ,呂·凸자형
127.364665,37.795516,경기,Charcoal,가평 항사리,나-16,고려문화재연구원,1740,50 ,呂·凸자형
127.364665,37.795516,경기,Charcoal,가평 항사리,나-21,고려문화재연구원,1800,50 ,呂·凸자형
127.364665,37.795516,경기,Charcoal,가평 항사리,-,고려문화재연구원,1820,60 ,呂·凸자형
127.364665,37.795516,경기,Charcoal,가평 항사리,나-15,고려문화재연구원,1864,39 ,呂·凸자형
127.364665,37.795516,경기,Charcoal,가평 항사리,나-13,고려문화재연구원,1940,60 ,呂·凸자형
127.364665,37.795516,경기,Charcoal,가평 항사리,나-12,고려문화재연구원,2020,50 ,呂·凸자형
127.364355,37.798158,경기,Charcoal,가평 항사리,2,한국문화재재단,1824,17,呂·凸자형
127.42479,37.786235,경기,Charcoal,강화 장정리,A-4-2,중원문화재연구원,2170,30,장방형
127.444691,37.518074,경기,Charcoal,고속국도 45호선 여주-양평 구간,KC-002,한국고고환경연구소,1750,60,呂·凸자형
127.064683,37.281607,경기,Charcoal,광교 신도시,11-1 ,기호문화재연구원,1780,20,방형
126.88443,37.430142,경기,Charcoal,광명 소하동,1 ,한국고고환경연구소,1750,50,방형
126.88443,37.430142,경기,Charcoal,광명 소하동,2 ,한국고고환경연구소,1890,50,방형
127.347222,37.350278,경기,Charcoal,광주 곤지암리,34,고려문화재연구원,1690,30,呂·凸자형
127.347222,37.350278,경기,Charcoal,광주 곤지암리,29,고려문화재연구원,1690,30,呂·凸자형
127.347222,37.350278,경기,Charcoal,광주 곤지암리,31,고려문화재연구원,1720,30,呂·凸자형
127.347222,37.350278,경기,Charcoal,광주 곤지암리,3,고려문화재연구원,1730,30,呂·凸자형
127.347222,37.350278,경기,Charcoal,광주 곤지암리,20,고려문화재연구원,1730,30,呂·凸자형
127.347222,37.350278,경기,Charcoal,광주 곤지암리,30,고려문화재연구원,1740,30,呂·凸자형
127.347222,37.350278,경기,Charcoal,광주 곤지암리,22,고려문화재연구원,1750,30,呂·凸자형
127.347222,37.350278,경기,Charcoal,광주 곤지암리,23,고려문화재연구원,1790,30,呂·凸자형
127.347222,37.350278,경기,Charcoal,광주 곤지암리,28,고려문화재연구원,1800,30,呂·凸자형
127.347222,37.350278,경기,Charcoal,광주 곤지암리,18,고려문화재연구원,1810,30,呂·凸자형
127.251285,37.395281,경기,Charcoal,광주 역동,3,역사문화재연구원,1740,30,呂·凸자형
127.251734,37.395526,경기,Charcoal,광주 역동,주-5,한국문화유산연구원,1760,30,呂·凸자형
127.251734,37.395526,경기,Charcoal,광주 역동,주-4,한국문화유산연구원,1760,30,呂·凸자형
127.251734,37.395526,경기,Charcoal,광주 역동,주-3,한국문화유산연구원,1770,30,呂·凸자형
127.251619,37.3955,경기,Charcoal,광주 역동,3,한국문화유산연구원,1770,30,방형
127.251619,37.3955,경기,Charcoal,광주 역동,4,한국문화유산연구원,1760,30,呂·凸자형
127.251619,37.3955,경기,Charcoal,광주 역동,5,한국문화유산연구원,1760,30,呂·凸자형
127.243675,37.39228,경기,Charcoal,광주 장지동,19 ,경기문화재연구원,1630,19,呂·凸자형
127.243675,37.39228,경기,Charcoal,광주 장지동,10 ,경기문화재연구원,1685,20,呂·凸자형
127.243675,37.39228,경기,Charcoal,광주 장지동,24 ,경기문화재연구원,1690,25,呂·凸자형
127.243675,37.39228,경기,Charcoal,광주 장지동,20 ,경기문화재연구원,1714,19,呂·凸자형
127.243675,37.39228,경기,Charcoal,광주 장지동,17 ,경기문화재연구원,1720,20,呂·凸자형
127.243675,37.39228,경기,Charcoal,광주 장지동,14 ,경기문화재연구원,1727,15,呂·凸자형
127.243675,37.39228,경기,Charcoal,광주 장지동,16 ,경기문화재연구원,1740,20,呂·凸자형
127.243675,37.39228,경기,Charcoal,광주 장지동,22 ,경기문화재연구원,1788,19,呂·凸자형
127.243675,37.39228,경기,Charcoal,광주 장지동,12 ,경기문화재연구원,1818,15,呂·凸자형
127.243675,37.39228,경기,Charcoal,광주 장지동,18 ,경기문화재연구원,1830,20,呂·凸자형
127.243675,37.39228,경기,Charcoal,광주 장지동,11 ,경기문화재연구원,1840,50,呂·凸자형
127.243675,37.39228,경기,Charcoal,광주 장지동,21 ,경기문화재연구원,1855,20,呂·凸자형
127.243675,37.39228,경기,Charcoal,광주 장지동,15 ,경기문화재연구원,1892,19,呂·凸자형
127.243675,37.39228,경기,Charcoal,광주 장지동,13 ,경기문화재연구원,1905,25,呂·凸자형
127.243675,37.39228,경기,Charcoal,광주 장지동,9 ,경기문화재연구원,1950,20,呂·凸자형
127.135791,37.578845,경기,Charcoal,구리 토평동,F-10,서울문화유산연구원,1880,30,呂·凸자형
126.603468,37.688866,경기,Charcoal,김포 마송,4-1,기호문화재연구원,1185,25,신라
126.603468,37.688866,경기,Charcoal,김포 마송,4-12,기호문화재연구원,1210,20,신라
126.606339,37.686912,경기,Charcoal,김포 마송,3-2,기호문화재연구원,1293,15,신라
126.758611,37.593572,경기,Charcoal,김포 신곡리,1-삼국-1,중부고고학연구소,1578,28,방형
126.758611,37.593572,경기,Charcoal,김포 신곡리,1-삼국-2,중부고고학연구소,1527,25,呂·凸자형
126.635093,37.645535,경기,Charcoal,김포 양촌,2-4(가)-13 ,고려문화재연구원,1670,60,방형
126.635093,37.645535,경기,Charcoal,김포 양촌,2-4(가)-11 ,고려문화재연구원,1670,50,방형
126.635093,37.645535,경기,Charcoal,김포 양촌,2-4(가)-2 ,고려문화재연구원,1730,80,방형
126.635093,37.645535,경기,Charcoal,김포 양촌,2-4(나)-2 ,고려문화재연구원,1840,60,방형
126.635093,37.645535,경기,Charcoal,김포 양촌,2-4(나)-8 ,고려문화재연구원,1880,60,방형
126.683544,37.65817,경기,Charcoal,김포 운양동,2-9-31,고려문화재연구원,1840,25,방형
126.639648,37.64342,경기,Charcoal,김포 한강 신도시,1-3(다)-1 ,고려문화재연구원,1770,60,방형
126.639648,37.64342,경기,Charcoal,김포 한강 신도시,1-3(나)-4 ,고려문화재연구원,1790,60,방형
126.639648,37.64342,경기,Charcoal,김포 한강 신도시,1-3(다)-2 ,고려문화재연구원,1850,60,방형
127.363092,37.643669,경기,Charcoal,남양주 금남리,원삼국-4,한강문화재연구원,1900,22,장방형
127.363092,37.643669,경기,Charcoal,남양주 금남리,원삼국-2,한강문화재연구원,1825,22,장방형
127.363092,37.643669,경기,Charcoal,남양주 금남리,원삼국-6,한강문화재연구원,1860,16,방형
127.363092,37.643669,경기,Charcoal,남양주 금남리,원삼국-8,한강문화재연구원,1920,30,呂·凸자형
127.125865,37.648547,경기,Charcoal,남양주 별내(덕송리),7,한백문화재연구원,1090,40,신라
127.125865,37.648547,경기,Charcoal,남양주 별내(덕송리),8,한백문화재연구원,1150,40,신라
127.125865,37.648547,경기,Charcoal,남양주 별내(덕송리),6,한백문화재연구원,1200,40,신라
127.125865,37.648547,경기,Charcoal,남양주 별내(덕송리),2,한백문화재연구원,1260,40,신라
127.125865,37.648547,경기,Charcoal,남양주 별내(덕송리),1,한백문화재연구원,1400,40,신라
127.125865,37.648547,경기,Charcoal,남양주 별내(화접리),7-3-12-1,한백문화재연구원,1460,40,방형
127.125865,37.648547,경기,Charcoal,남양주 별내(화접리),7-3-1 ,한백문화재연구원,1510,40,방형
127.125865,37.648547,경기,Charcoal,남양주 별내(화접리),7-3-2 ,한백문화재연구원,1680,50,방형
127.194032,37.72955,경기,Charcoal,남양주 장현,80,중앙문화재연구원,1600,50,방형
127.194032,37.72955,경기,Charcoal,남양주 장현,73,중앙문화재연구원,1650,50,방형
127.194032,37.72955,경기,Charcoal,남양주 장현,75,중앙문화재연구원,1670,50,방형
127.194032,37.72955,경기,Charcoal,남양주 장현,59,중앙문화재연구원,1680,50,방형
127.194032,37.72955,경기,Charcoal,남양주 장현,77,중앙문화재연구원,1700,50,방형
127.194032,37.72955,경기,Charcoal,남양주 장현,74,중앙문화재연구원,1720,50,방형
127.194032,37.72955,경기,Charcoal,남양주 장현,83,중앙문화재연구원,1730,50,방형
127.194032,37.72955,경기,Charcoal,남양주 장현,71,중앙문화재연구원,1740,50,방형
127.194032,37.72955,경기,Charcoal,남양주 장현,49,중앙문화재연구원,1750,50,방형
127.194032,37.72955,경기,Charcoal,남양주 장현,35,중앙문화재연구원,1760,50,방형
127.194032,37.72955,경기,Charcoal,남양주 장현,12,중앙문화재연구원,1770,50,방형
127.194032,37.72955,경기,Charcoal,남양주 장현,44,중앙문화재연구원,1820,50,방형
127.194032,37.72955,경기,Charcoal,남양주 장현,4,중앙문화재연구원,1820,50,방형
127.194032,37.72955,경기,Charcoal,남양주 장현,65,중앙문화재연구원,1830,50,방형
127.194032,37.72955,경기,Charcoal,남양주 장현,34,중앙문화재연구원,1840,50,방형
127.194032,37.72955,경기,Charcoal,남양주 장현,14,중앙문화재연구원,1850,50,방형
127.194032,37.72955,경기,Charcoal,남양주 장현,16,중앙문화재연구원,1910,50,방형
127.194032,37.72955,경기,Charcoal,남양주 장현,29,중앙문화재연구원,1970,50,방형
127.166779,37.626062,경기,Charcoal,남양주 지금동,2 ,세종대학교박물관,1701,47,呂·凸자형
127.166779,37.626062,경기,Charcoal,남양주 지금동,4 ,세종대학교박물관,1725,36,呂·凸자형
126.78707,37.874197,경기,Charcoal,문산 당동리,7-4,경기문화재연구원,1690,50,방형
126.78707,37.874197,경기,Charcoal,문산 당동리,7-1,경기문화재연구원,1740,50,방형
126.78707,37.874197,경기,Charcoal,문산 당동리,1-11,경기문화재연구원,1850,50,방형
126.813526,37.473065,경기,Charcoal,부천 범박동,4-2-4,한울문화재연구원,1460,50,방형
126.813526,37.473065,경기,Charcoal,부천 범박동,4-2-3,한울문화재연구원,1580,36,방형
127.107419,37.607575,서울,Charcoal,서울 망우동,3-2,서경문화재연구원,1700,30,呂·凸자형
127.107419,37.607575,서울,Charcoal,서울 망우동,3-3,서경문화재연구원,1630,30,呂·凸자형
127.107419,37.607575,서울,Charcoal,서울 망우동,3-4,서경문화재연구원,1660,30,불명
127.107419,37.607575,서울,Charcoal,서울 망우동,3-8,서경문화재연구원,1620,30,불명
127.123767,37.523283,서울,Charcoal,서울 몽촌토성(I-2013~2014 북문지),북문지-내측-통일신라-4,한성백제박물관,1299,34,신라
127.123767,37.523283,서울,Charcoal,서울 몽촌토성(I-2013~2014 북문지),북문지-내측-통일신라-1,한성백제박물관,1670,30,신라
127.123767,37.523283,서울,Charcoal,서울 몽촌토성(I-2013~2014 북문지),북문지-내측-통일신라-5,한성백제박물관,1590,30,신라
127.123767,37.523283,서울,Charcoal,서울 몽촌토성(I-2013~2014 북문지),북문지-내측-통일신라-8,한성백제박물관,1260,30,신라
127.123767,37.523283,서울,Charcoal,서울 몽촌토성(I-2013~2014 북문지),북문지-내측-통일신라-10,한성백제박물관,1560,40,신라
127.123767,37.523283,서울,Charcoal,서울 몽촌토성(I-2013~2014 북문지),북문지-내측-통일신라-11,한성백제박물관,1280,30,신라
127.123767,37.523283,서울,Charcoal,서울 몽촌토성(I-2013~2014 북문지),북문지-내측-통일신라-13,한성백제박물관,1520,30,신라
127.123767,37.523283,서울,Charcoal,서울 몽촌토성(I-2013~2014 북문지),북문지-내측-통일신라-14,한성백제박물관,1360,50,신라
127.123767,37.523283,서울,Charcoal,서울 몽촌토성(I-2013~2014 북문지),북문지-내측-통일신라-16,한성백제박물관,1300,30,신라
127.123767,37.523283,서울,Charcoal,서울 몽촌토성(I-2013~2014 북문지),북문지-내측-통일신라-17,한성백제박물관,1610,30,신라
127.123767,37.523283,서울,Charcoal,서울 몽촌토성(III- 2015~2018 북문지),북문지-통일신라-13,한성백제박물관,1520,30,신라
127.123767,37.523283,서울,Charcoal,서울 몽촌토성(III- 2015~2018 북문지),북문지-통일신라-19,한성백제박물관,1590,30,신라
127.123767,37.523283,서울,Charcoal,서울 몽촌토성(III- 2015~2018 북문지),북문지-통일신라-20,한성백제박물관,1313,25,신라
127.123767,37.523283,서울,Charcoal,서울 몽촌토성(III- 2015~2018 북문지),북문지-통일신라-26,한성백제박물관,1480,50,신라
127.123767,37.523283,서울,Charcoal,서울 몽촌토성(III- 2015~2018 북문지),북문지-통일신라-27-생활면,한성백제박물관,1700,40,신라
127.123767,37.523283,서울,Charcoal,서울 몽촌토성(III- 2015~2018 북문지),북문지-통일신라-27-아궁이,한성백제박물관,1590,30,신라
127.123767,37.523283,서울,Charcoal,서울 몽촌토성(III- 2015~2018 북문지),북문지-통일신라-28,한성백제박물관,1290,40,신라
127.123767,37.523283,서울,Charcoal,서울 몽촌토성(IV-2015~2018 북문지),북문지-백제-2,한성백제박물관,1620,30,呂·凸자형
127.130485,37.561785,서울,Charcoal,서울 암사동,2,경희대학교박물관,2010,60,呂·凸자형
127.1305422,37.557388,서울,Charcoal,서울 암사동,2-통일신라-2,한울문화재연구원,1220,30,신라
127.1305422,37.557388,서울,Charcoal,서울 암사동,2-통일신라-3,한울문화재연구원,1330,30,신라
127.1305422,37.557388,서울,Charcoal,서울 암사동,1-통일신라-2,한울문화재연구원,1240,30,신라
127.1305422,37.557388,서울,Charcoal,서울 암사동,1-미상-42,한울문화재연구원,1430,30,방형
127.122345,37.539382,서울,Charcoal,서울 천호동,6,비전문화유산연구원,1700,40,방형
127.115987,37.53396,서울,Charcoal,서울 풍납토성,나-6,국립문화재연구원,1647,32,呂·凸자형
127.115987,37.53396,서울,Charcoal,서울 풍납토성,가-3  ,국립문화재연구원,1686,39,呂·凸자형
127.115987,37.53396,서울,Charcoal,서울 풍납토성,나-18 ,국립문화재연구원,1690,40,呂·凸자형
127.115987,37.53396,서울,Charcoal,서울 풍납토성,나-3,국립문화재연구원,1700,50,呂·凸자형
127.115987,37.53396,서울,Charcoal,서울 풍납토성,나-12,국립문화재연구원,1700,50,呂·凸자형
127.115987,37.53396,서울,Charcoal,서울 풍납토성,11-가-1 ,국립문화재연구원,1700,50,呂·凸자형
127.115987,37.53396,서울,Charcoal,서울 풍납토성,9,한신대학교박물관,1700,43,呂·凸자형
127.115987,37.53396,서울,Charcoal,서울 풍납토성,나-7,국립문화재연구원,1750,50,呂·凸자형
127.115987,37.53396,서울,Charcoal,서울 풍납토성,나-10,국립문화재연구원,1758,20,呂·凸자형
127.115987,37.53396,서울,Charcoal,서울 풍납토성,라-3 ,국립문화재연구원,1770,50,呂·凸자형
127.115987,37.53396,서울,Charcoal,서울 풍납토성,라-8 ,국립문화재연구원,1794,21,呂·凸자형
127.115987,37.53396,서울,Charcoal,서울 풍납토성,다-3  ,국립문화재연구원,1814,32,呂·凸자형
127.115987,37.53396,서울,Charcoal,서울 풍납토성,다-5  ,국립문화재연구원,1820,50,呂·凸자형
127.115987,37.53396,서울,Charcoal,서울 풍납토성,마-1 ,국립문화재연구원,1827,24,呂·凸자형
127.115987,37.53396,서울,Charcoal,서울 풍납토성,풍남Ⅰ-가-4,국립문화재연구원,1850,50,呂·凸자형
127.115987,37.53396,서울,Charcoal,서울 풍납토성,라-7 ,국립문화재연구원,1850,50,呂·凸자형
127.115987,37.53396,서울,Charcoal,서울 풍납토성,라-1 ,국립문화재연구원,1880,50,呂·凸자형
127.115987,37.53396,서울,Charcoal,서울 풍납토성,라-2 ,국립문화재연구원,1900,50,呂·凸자형
127.115987,37.53396,서울,Charcoal,서울 풍납토성,가-2  ,국립문화재연구원,1900,60,呂·凸자형
127.115987,37.53396,서울,Charcoal,서울 풍납토성,나-8,국립문화재연구원,1960,50,呂·凸자형
127.115987,37.53396,서울,Charcoal,서울 풍납토성,풍남Ⅰ-가-3,국립문화재연구원,1980,50,呂·凸자형
127.115987,37.53396,서울,Charcoal,서울 풍납토성,라-19  ,국립문화재연구원,2028,19,呂·凸자형
127.115987,37.53396,서울,Charcoal,서울 풍납토성,풍납Ⅰ-나-1,국립문화재연구원,2030,60,呂·凸자형
127.115987,37.53396,서울,Charcoal,서울 풍납토성,풍납Ⅰ-나-8,국립문화재연구원,2080,60,呂·凸자형
127.115987,37.53396,서울,Charcoal,서울 풍납토성,풍납Ⅰ-나-3,국립문화재연구원,2150,50,呂·凸자형
127.115987,37.53396,서울,Charcoal,서울 풍납토성,풍납Ⅰ-가-2,국립문화재연구원,2190,50,呂·凸자형
127.117257,37.400068,경기,Charcoal,성남 동판교,21-2-1 ,고려문화재연구원,1683,26,방형
127.117257,37.400068,경기,Charcoal,성남 동판교,21-2-2 ,고려문화재연구원,1720,36,방형
127.117257,37.400068,경기,Charcoal,성남 동판교,21-8 ,고려문화재연구원,1751,36,방형
127.117257,37.400068,경기,Charcoal,성남 동판교,21-20 ,고려문화재연구원,1806,36,방형
127.117257,37.400068,경기,Charcoal,성남 동판교,21-18 ,고려문화재연구원,1820,36,방형
127.117257,37.400068,경기,Charcoal,성남 동판교,21-1-3 ,고려문화재연구원,1830,50,방형
127.146454,37.466592,경기,Charcoal,성남 창곡동,바-1,중앙문화재연구원,1515,29 ,방형
126.820542,37.415902,경기,Charcoal,시흥 매화동,1,한양문화재연구원,1746,27,呂·凸자형
126.820542,37.415902,경기,Charcoal,시흥 매화동,2,한양문화재연구원,1760,25,방형
127.432718,37.093609,경기,Charcoal,안성 매산리,5,기남문화재연구원,1620,30,방형
127.432718,37.093609,경기,Charcoal,안성 매산리,2,기남문화재연구원,1670,30,방형
127.432718,37.093609,경기,Charcoal,안성 매산리,10,기남문화재연구원,1730,30,방형
127.432718,37.093609,경기,Charcoal,안성 매산리,12,기남문화재연구원,1780,30,방형
127.146663,36.971442,경기,Charcoal,안성 중복리,삼국시대 주거지,한국문화재재단,1937,24,방형
126.971097,37.409198,경기,Charcoal,안양 관양동,4-4-2 ,고려문화재연구원,1590,50,呂·凸자형
126.971097,37.409198,경기,Charcoal,안양 관양동,4-4-4 ,고려문화재연구원,1600,43,呂·凸자형
126.971097,37.409198,경기,Charcoal,안양 관양동,4-4-5,고려문화재연구원,1638,39,呂·凸자형
126.971097,37.409198,경기,Charcoal,안양 관양동,4-4-1 ,고려문화재연구원,1660,50,呂·凸자형
126.971097,37.409198,경기,Charcoal,안양 관양동,4-3-4 ,고려문화재연구원,1690,50,呂·凸자형
126.971097,37.409198,경기,Charcoal,안양 관양동,4-2-1 ,고려문화재연구원,1850,60,呂·凸자형
126.981489,37.819986,경기,Charcoal,양주 광석리,3,국방문화재연구원,1700,40,呂·凸자형
126.981489,37.819986,경기,Charcoal,양주 광석리,1,국방문화재연구원,1730,60,呂·凸자형
126.981489,37.819986,경기,Charcoal,양주 광석리,2,국방문화재연구원,1798,26,呂·凸자형
126.981489,37.819986,경기,Charcoal,양주 광석리,6,국방문화재연구원,1930,40,呂·凸자형
127.010294,37.786889,경기,Charcoal,양주 대모산성,8차-1-주거지,기호문화재연구원,1620,40,장방형
127.06144,37.779078,경기,Charcoal,양주 마전동,5,한성문화재연구원,1688,2,呂·凸자형
127.53731,37.421297,경기,Charcoal,양평 상자포리,5,한양문화재연구원,1154,22,신라
127.53731,37.421297,경기,Charcoal,양평 상자포리,4,한양문화재연구원,1376,22,신라
127.53731,37.421297,경기,Charcoal,양평 상자포리,2,한양문화재연구원,1448,31,신라
127.53731,37.421297,경기,Charcoal,양평 상자포리,1,한양문화재연구원,1720,25,呂·凸자형
127.53731,37.421297,경기,Charcoal,양평 상자포리,2-1,한양문화재연구원,1919,26,呂·凸자형
127.484805,37.494859,경기,Charcoal,양평 양근리,3,국토문화재연구원,1700,30,呂·凸자형
127.484805,37.494859,경기,Charcoal,양평 양근리,5,국토문화재연구원,1760,30,呂·凸자형
127.484805,37.494859,경기,Charcoal,양평 양근리,1,국토문화재연구원,1800,30,呂·凸자형
127.320794,37.54989,경기,Charcoal,양평 양수리 상석정,B-1,성균관대학교박물관,1830,40,呂·凸자형
127.320794,37.54989,경기,Charcoal,양평 양수리 상석정,A-9,성균관대학교박물관,1930,40,呂·凸자형
127.320794,37.54989,경기,Charcoal,양평 양수리 상석정,A-17,성균관대학교박물관,1970,40,呂·凸자형
127.320794,37.54989,경기,Charcoal,양평 양수리 상석정,A-7-3,성균관대학교박물관,1990,30,呂·凸자형
127.320794,37.54989,경기,Charcoal,양평 양수리 상석정,A-13,성균관대학교박물관,1990,40,呂·凸자형
127.320794,37.54989,경기,Charcoal,양평 양수리 상석정,A-19,성균관대학교박물관,2020,40,呂·凸자형
127.402135,37.494394,경기,Charcoal,양평 운심리,1,한국문화재재단,1670,28,呂·凸자형
127.402135,37.494394,경기,Charcoal,양평 운심리,2,한국문화재재단,1842,24,呂·凸자형
127.535261,37.424531,경기,Charcoal,양평 하자포리,2,고려문화재연구원,1521,24,呂·凸자형
127.536201,37.422809,경기,Charcoal,양평 하자포리,삼-주-1,한국문화재재단,1585,27,방형
127.532986,37.430455,경기,Charcoal,양평 하자포리,2,한성문화재연구원,1650,30,呂·凸자형
127.535261,37.424531,경기,Charcoal,양평 하자포리,4,고려문화재연구원,1666,21,呂·凸자형
127.532986,37.430455,경기,Charcoal,양평 하자포리,3,한성문화재연구원,1670,30,呂·凸자형
127.535912,37.423334,경기,Charcoal,양평 하자포리,7,경기도자박물관,1677,22,呂·凸자형
127.536201,37.422809,경기,Charcoal,양평 하자포리,삼(한)-주,한국문화재재단,1700,24,呂·凸자형
127.532306,37.430364,경기,Charcoal,양평 하자포리,삼(한)-3,한국문화재재단,1720,24,呂·凸자형
127.536111,37.423056,경기,Charcoal,양평 하자포리,삼(한)-주-3,한국문화재재단,1721,18,呂·凸자형
127.532306,37.430364,경기,Charcoal,양평 하자포리,삼(한)-2,한국문화재재단,1729,16,呂·凸자형
127.536111,37.423056,경기,Charcoal,양평 하자포리,삼(한)-주-1,한국문화재재단,1759,17,呂·凸자형
127.535261,37.424531,경기,Charcoal,양평 하자포리,3,고려문화재연구원,1765,15,呂·凸자형
127.535912,37.423334,경기,Charcoal,양평 하자포리,6,경기도자박물관,1779,25,呂·凸자형
127.535749,37.423713,경기,Charcoal,양평 하자포리,삼(한)-주,한국문화재재단,1780,16,呂·凸자형
127.535749,37.423713,경기,Charcoal,양평 하자포리,원-주,한국문화재재단,1816,16,呂·凸자형
127.532306,37.430364,경기,Charcoal,양평 하자포리,원-주,한국문화재재단,1920,16,呂·凸자형
127.532306,37.430364,경기,Charcoal,양평 하자포리,원삼국 주거지,한국문화재재단,1920,16,呂·凸자형
127.532306,37.430364,경기,Charcoal,양평 하자포리,삼국 주거지-2,한국문화재재단,1729,16,呂·凸자형
127.532306,37.430364,경기,Charcoal,양평 하자포리,삼국 주거지-3,한국문화재재단,1720,24,呂·凸자형
127.672158,37.289407,경기,Charcoal,여주 연양리,3-10 ,중앙문화재연구원,1445,36,呂·凸자형
127.672158,37.289407,경기,Charcoal,여주 연양리,3-7 ,중앙문화재연구원,1497,29,呂·凸자형
127.672158,37.289407,경기,Charcoal,여주 연양리,6 ,고려문화재연구원,1760,50,呂·凸자형
127.672158,37.289407,경기,Charcoal,여주 연양리,7 ,고려문화재연구원,1965,36,呂·凸자형
127.54228,37.201095,경기,Charcoal,여주 태평리,2,전남문화재연구원,1550,30,방형
127.54228,37.201095,경기,Charcoal,여주 태평리,7,전남문화재연구원,1551,22,방형
127.54228,37.201095,경기,Charcoal,여주 태평리,1,전남문화재연구원,1660,40,방형
127.018379,38.109908,경기,Charcoal,연천 강내리,15 ,고려문화재연구원,1530,40,呂·凸자형
127.018379,38.109908,경기,Charcoal,연천 강내리,7 ,고려문화재연구원,1610,50,呂·凸자형
127.018379,38.109908,경기,Charcoal,연천 강내리,26 ,고려문화재연구원,1610,40,呂·凸자형
127.018379,38.109908,경기,Charcoal,연천 강내리,17 ,고려문화재연구원,1645,29,呂·凸자형
127.018379,38.109908,경기,Charcoal,연천 강내리,45 ,고려문화재연구원,1653,32,呂·凸자형
127.018379,38.109908,경기,Charcoal,연천 강내리,58 ,고려문화재연구원,1700,40,呂·凸자형
127.018379,38.109908,경기,Charcoal,연천 강내리,41 ,고려문화재연구원,1700,40,呂·凸자형
127.018379,38.109908,경기,Charcoal,연천 강내리,42 ,고려문화재연구원,1710,40,呂·凸자형
127.018379,38.109908,경기,Charcoal,연천 강내리,32 ,고려문화재연구원,1710,40,呂·凸자형
127.018379,38.109908,경기,Charcoal,연천 강내리,43 ,고려문화재연구원,1720,40,呂·凸자형
127.018379,38.109908,경기,Charcoal,연천 강내리,44 ,고려문화재연구원,1723,32,呂·凸자형
127.018379,38.109908,경기,Charcoal,연천 강내리,38 ,고려문화재연구원,1750,50,呂·凸자형
127.018379,38.109908,경기,Charcoal,연천 강내리,34 ,고려문화재연구원,1750,29,呂·凸자형
127.018379,38.109908,경기,Charcoal,연천 강내리,27 ,고려문화재연구원,1750,40,呂·凸자형
127.018379,38.109908,경기,Charcoal,연천 강내리,52 ,고려문화재연구원,1800,40,呂·凸자형
127.018379,38.109908,경기,Charcoal,연천 강내리,11 ,고려문화재연구원,1870,40,呂·凸자형
127.018379,38.109908,경기,Charcoal,연천 강내리,68 ,고려문화재연구원,1900,40,呂·凸자형
127.018379,38.109908,경기,Charcoal,연천 강내리,22 ,고려문화재연구원,1900,90,呂·凸자형
127.018379,38.109908,경기,Charcoal,연천 강내리,24 ,고려문화재연구원,1920,40,呂·凸자형
127.018379,38.109908,경기,Charcoal,연천 강내리,66 ,고려문화재연구원,1940,40,呂·凸자형
127.013889,38.005556,경기,Charcoal,연천 남계리,3-1,서울대학교박물관,1866,6,呂·凸자형
127.011691,38.086696,경기,Charcoal,연천 삼거리,4,백두문화재연구원,1880,40,呂·凸자형
127.011691,38.086696,경기,Charcoal,연천 삼거리,3,백두문화재연구원,1900,40,呂·凸자형
127.011691,38.086696,경기,Charcoal,연천 삼거리,1,백두문화재연구원,1940,29,呂·凸자형
127.011691,38.086696,경기,Charcoal,연천 삼거리,2,백두문화재연구원,1975,29,呂·凸자형
127.071624,38.089457,경기,Charcoal,연천 차탄리,1,한국문물연구원,1800,30,呂·凸자형
127.071624,38.089457,경기,Charcoal,연천 차탄리,2,한국문물연구원,1760,30,呂·凸자형
127.071624,38.089457,경기,Charcoal,연천 차탄리,5,한국문물연구원,1790,30,장방형
127.071624,38.089457,경기,Charcoal,연천 차탄리,1,한국문물연구원,1460,30,신라
127.032608,38.136725,경기,Charcoal,연천 합수리,9,한울문화재연구원,1795,29,呂·凸자형
127.032608,38.136725,경기,Charcoal,연천 합수리,1,한울문화재연구원,1805,29,呂·凸자형
127.032608,38.136725,경기,Charcoal,연천 합수리,5,한울문화재연구원,1850,40,呂·凸자형
127.06666,37.170768,경기,Charred seed,오산 내삼미동,16 ,경기문화재연구원,1585,20,방형
127.06666,37.170768,경기,Charcoal,오산 내삼미동,14 ,경기문화재연구원,1590,20,방형
127.06666,37.170768,경기,Charred seed,오산 내삼미동,19 ,경기문화재연구원,1605,20,방형
127.06666,37.170768,경기,Charcoal,오산 내삼미동,25 ,경기문화재연구원,1640,20,방형
127.06316,37.177744,경기,Charcoal,오산 내삼미동,나-삼국-3,경기문화재연구원,1660,30,방형
127.06316,37.177744,경기,Charcoal,오산 내삼미동,나-삼국-2,경기문화재연구원,1690,30,방형
127.06316,37.177744,경기,Charcoal,오산 내삼미동,나-삼국-4,경기문화재연구원,1550,40,방형
127.06316,37.177744,경기,Charcoal,오산 내삼미동,나-삼국-6,경기문화재연구원,1580,30,방형
127.06316,37.177744,경기,Charcoal,오산 내삼미동,나-삼국-7,경기문화재연구원,1700,30,방형
127.06316,37.177744,경기,Charcoal,오산 내삼미동,다-삼국-1,경기문화재연구원,1610,30,방형
127.06316,37.177744,경기,Charcoal,오산 내삼미동,다-삼국-4,경기문화재연구원,1620,50,방형
127.06316,37.177744,경기,Charcoal,오산 내삼미동,다-삼국-2,경기문화재연구원,1530,30,방형
127.06316,37.177744,경기,Charcoal,오산 내삼미동,다-삼국-3,경기문화재연구원,1840,60,방형
127.06316,37.177744,경기,Charcoal,오산 내삼미동,다-삼국-6,경기문화재연구원,1580,30,방형
127.046514,37.133183,경기,Charcoal,오산 탑동∙두곡동,14-3 ,기호문화재연구원,1800,40,呂·凸자형
127.2135911,37.2412159,경기,Charcoal,용인 고림동,B-6,한신대학교박물관,1665,29,呂·凸자형
127.2135911,37.2412159,경기,Charcoal,용인 고림동,B-1,한신대학교박물관,1680,40,呂·凸자형
127.2135911,37.2412159,경기,Charcoal,용인 고림동,B-7,한신대학교박물관,1690,40,呂·凸자형
127.2135911,37.2412159,경기,Charcoal,용인 고림동,B-9,한신대학교박물관,1740,29,呂·凸자형
127.2135911,37.2412159,경기,Charcoal,용인 고림동,B-10,한신대학교박물관,1760,40,방형
127.2135911,37.2412159,경기,Charcoal,용인 고림동,B-8,한신대학교박물관,1772,29,방형
127.2135911,37.2412159,경기,Charcoal,용인 고림동,A-2,한신대학교박물관,1783,25,呂·凸자형
127.2135911,37.2412159,경기,Charcoal,용인 고림동,B-2,한신대학교박물관,1786,32,방형
127.2135911,37.2412159,경기,Charcoal,용인 고림동,B-4,한신대학교박물관,1800,40,呂·凸자형
127.107802,37.294478,경기,Charcoal,용인 마북동,70,경기문화재연구원,1450,50,신라
127.107251,37.294935,경기,Charcoal,용인 마북동,4 ,경기문화재연구원,1570,50,방형
127.107251,37.294935,경기,Charcoal,용인 마북동,48 ,경기문화재연구원,1640,50,방형
127.106619,37.294666,경기,Charcoal,용인 마북동,7,한국문화재재단,1700,30,방형
127.097152,37.304083,경기,Charcoal,용인 보정리 소실,7 ,경기문화재연구원,1420,80,방형
127.098813,37.276358,경기,Charcoal,용인 신갈동,1,서경문화재연구원,1710,40,타원형
127.1201086,37.298114,경기,Charcoal,용인 언남동,2지점-1,혜안문화재연구원,1680,30,방형
127.067762,37.272637,경기,Charcoal,용인 영덕동,1-1-7,경기문화재연구원,1140,50,신라
127.067762,37.272637,경기,Charcoal,용인 영덕동,1-1-1,경기문화재연구원,1180,50,신라
127.085653,37.275062,경기,Charcoal,용인 영덕동,15-Three Kingdoms period house,기전문화재연구원,1710,50,방형
127.085653,37.275062,경기,Charcoal,용인 영덕동,14-3 ,기전문화재연구원,1750,50,방형
127.13867,37.241634,경기,Charcoal,용인 지곡동,삼국시대 주거지,서경문화재연구원,1575,22,방형
127.175245,37.28716,경기,Unknown,용인 할미산성,1,한국문화유산연구원,1465,30,장방형
127.175245,37.28716,경기,Unknown,용인 할미산성,2,한국문화유산연구원,1548,23,장방형
127.175245,37.28716,경기,Unknown,용인 할미산성,3,한국문화유산연구원,1423,21,방형
127.175245,37.28716,경기,Unknown,용인 할미산성,4,한국문화유산연구원,1441,23,방형
127.097663,37.749339,경기,Charcoal,의정부 민락동,6-다-통신-5,한국문화재재단,1110,30,신라
127.097663,37.749339,경기,Charcoal,의정부 민락동,2-나2-통신-17,한국문화재재단,1160,30,신라
127.097663,37.749339,경기,Charcoal,의정부 민락동,6-다-통신-4,한국문화재재단,1170,30,신라
127.097663,37.749339,경기,Charcoal,의정부 민락동,6-다-통신-3,한국문화재재단,1210,30,신라
127.097663,37.749339,경기,Charcoal,의정부 민락동,2-나2-통신-1,한국문화재재단,1220,30,신라
127.097663,37.749339,경기,Charcoal,의정부 민락동,2-가-통신-1,한국문화재재단,1310,30,신라
127.097663,37.749339,경기,Charcoal,의정부 민락동,2-나2-통신-50,한국문화재재단,1420,30,신라
127.097663,37.749339,경기,Charcoal,의정부 민락동,2-나2-통신-40,한국문화재재단,1470,30,신라
127.097663,37.749339,경기,Charcoal,의정부 민락동,2-나2-통신-32,한국문화재재단,1500,30,신라
127.097663,37.749339,경기,Charcoal,의정부 민락동,6-다-고구려-2,한국문화재재단,1520,30,고구려
127.097663,37.749339,경기,Charcoal,의정부 민락동,1-나-삼국-1,한국문화재재단,1550,40,방형
127.097663,37.749339,경기,Charcoal,의정부 민락동,6-다-고구려-1,한국문화재재단,1570,30,고구려
127.097663,37.749339,경기,Charcoal,의정부 민락동,1-나-원삼국-1,한국문화재재단,1810,30,呂·凸자형
127.097663,37.749339,경기,Charcoal,의정부 민락동,1-나-원삼국-3,한국문화재재단,1840,30,呂·凸자형
127.097663,37.749339,경기,Charcoal,의정부 민락동,1-나-원삼국-2,한국문화재재단,1900,30,呂·凸자형
126.689053,37.611847,경기,Charcoal,인천 불로동,4-1,한국문화재보호재단,1700,80,방형
126.689053,37.611847,경기,Charcoal,인천 불로동,4-2,한국문화재재단,1850,39,방형
126.515606,37.476826,경기,Charcoal,인천 운남동,B-KC-001,한국고고환경연구소,1750,50,방형
126.515606,37.476826,경기,Charcoal,인천 운남동,A-KC-001,한국고고환경연구소,1820,60,방형
126.514342,37.524243,경기,Charcoal,인천 운북동,5-2 ,한강문화재연구원,1940,50,방형
126.514342,37.524243,경기,Charcoal,인천 운북동,5-1 ,한강문화재연구원,2040,50,방형
126.5642,37.496274,경기,Charcoal,인천 중산동,23-1 ,한강문화재연구원,1550,40,방형
126.549012,37.482487,경기,Charcoal,인천 중산동(중앙),3-12,중앙문화재연구원,1890,50,방형
126.775659,37.833299,경기,Charcoal,파주 능산리,1-1,기호문화재연구원,1830,60,방형
126.712941,37.712371,경기,Charcoal,파주 동패동·목동동,2-나-신라-8,한백문화재연구원,1402,26,신라
126.712941,37.712371,경기,Charcoal,파주 동패동·목동동,6-사-백제-1,한백문화재연구원,1600,30,불명
126.809078,37.867434,경기,Charcoal,파주 선유리,게리오웬-1-2-2주,한국문화유산연구원,1760,50,방형
126.809078,37.867434,경기,Charcoal,파주 선유리,게리오웬-1-1-5주,한국문화유산연구원,1760,40,방형
126.809078,37.867434,경기,Charcoal,파주 선유리,게리오웬-1-1-2주,한국문화유산연구원,1770,40,방형
126.809078,37.867434,경기,Charcoal,파주 선유리,게리오웬-1-1-9주,한국문화유산연구원,1780,60,불명
126.809078,37.867434,경기,Charcoal,파주 선유리,게리오웬-1-3-1주,한국문화유산연구원,1840,50,불명
126.760831,37.726843,경기,Charcoal,파주 운정,Wadong Ⅳ-20-3 ,경기문화재연구원,1536,33,방형
126.760831,37.726843,경기,Charcoal,파주 운정,Unjeong 1-3-2 ,한국선사문화연구원,1700,30,방형
126.760831,37.726843,경기,Charcoal,파주 운정,Wadong Ⅲ-14 house ,경기문화재연구원,1710,60,방형
126.760831,37.726843,경기,Charcoal,파주 운정,Wadong Ⅳ-21-12 ,경기문화재연구원,1750,50,방형
126.760831,37.726843,경기,Charcoal,파주 운정,Wadong Ⅳ-21-13 ,경기문화재연구원,1810,50,방형
126.760831,37.726843,경기,Charcoal,파주 운정,Wadong Ⅲ-15-8,경기문화재연구원,1810,60,방형
126.760831,37.726843,경기,Charcoal,파주 운정,Wadong Ⅲ-15-1,경기문화재연구원,1980,60,방형
126.893599,37.989211,경기,Charcoal,파주 주월리,96-7 ,경기도박물관,1695,45,呂·凸자형
127.100911,37.058321,경기,Charcoal,평택 도일동,5-청동-1,전남문화재연구원,1680,30,장방형
127.100911,37.058321,경기,Charcoal,평택 도일동,5-삼국-1,전남문화재연구원,1700,30,장방형
126.985032,37.032743,경기,Charcoal,평택 백봉리,B-2,기호문화재연구원,1820,60,방형
127.125785,36.986826,경기,Charcoal,평택 소사동,나-원삼국-1,중앙문화재연구원,1920,30,방형
127.125785,36.986826,경기,Charcoal,평택 소사동,나-원삼국-3,중앙문화재연구원,1840,40,방형
127.125785,36.986826,경기,Charcoal,평택 소사동,나-원삼국-4,중앙문화재연구원,1910,40,방형
127.064221,37.018643,경기,Charcoal,평택 지제동,3,마한문화연구원,1800,40,방형
127.239338,37.994458,경기,Charcoal,포천 거사리,C-1,동국문화재연구원,1860,29,呂·凸자형
127.249715,37.968672,경기,Charcoal,포천 금주리,4 ,세종대학교박물관,1814,26,呂·凸자형
127.249715,37.968672,경기,Charcoal,포천 금주리,2,세종대학교박물관,2000,60,呂·凸자형
127.249715,37.968672,경기,Charcoal,포천 금주리,3 ,세종대학교박물관,2004,36,呂·凸자형
127.249715,37.968672,경기,Charcoal,포천 금주리,1,세종대학교박물관,2020,60,呂·凸자형
127.278412,37.943238,경기,Charcoal,포천 길명리,초기 원삼국 수혈주거지,세종대학교박물관,1812,25,呂·凸자형
127.266563,38.109058,경기,Charcoal,포천 사정리 모래내,15,중앙문화재연구원,1730,40 ,呂·凸자형
127.266563,38.109058,경기,Charcoal,포천 사정리 모래내,20,중앙문화재연구원,1740,40 ,呂·凸자형
127.266563,38.109058,경기,Charcoal,포천 사정리 모래내,18,중앙문화재연구원,1780,40 ,呂·凸자형
127.266563,38.109058,경기,Charcoal,포천 사정리 모래내,11,중앙문화재연구원,1820,40 ,呂·凸자형
127.266563,38.109058,경기,Charcoal,포천 사정리 모래내,22,중앙문화재연구원,1880,40 ,呂·凸자형
127.172105,37.865923,경기,Charcoal,포천 자작리,1 ,기호문화재연구원,1600,30 ,呂·凸자형
127.172105,37.865923,경기,Charcoal,포천 자작리,5,기호문화재연구원,1640,30 ,呂·凸자형
127.172105,37.865923,경기,Charcoal,포천 자작리,6,기호문화재연구원,1660,30 ,呂·凸자형
127.172105,37.865923,경기,Charcoal,포천 자작리,24,기호문화재연구원,1670,30 ,呂·凸자형
127.172105,37.865923,경기,Charcoal,포천 자작리,15,기호문화재연구원,1680,30 ,呂·凸자형
127.172105,37.865923,경기,Charcoal,포천 자작리,22,기호문화재연구원,1710,30 ,呂·凸자형
127.172105,37.865923,경기,Charcoal,포천 자작리,9,기호문화재연구원,1720,40 ,呂·凸자형
127.172105,37.865923,경기,Charcoal,포천 자작리,13,기호문화재연구원,1720,30 ,呂·凸자형
127.172105,37.865923,경기,Charcoal,포천 자작리,17,기호문화재연구원,1750,30 ,呂·凸자형
127.172105,37.865923,경기,Charcoal,포천 자작리,14,기호문화재연구원,1750,30 ,呂·凸자형
127.212112,38.084803,경기,Charcoal,포천 중리,8,겨례문화유산연구원,1700,30,呂·凸자형
127.212112,38.084803,경기,Charcoal,포천 중리,32,겨례문화유산연구원,1770,30,呂·凸자형
127.212112,38.084803,경기,Charcoal,포천 중리,27,겨례문화유산연구원,1780,30,呂·凸자형
127.212112,38.084803,경기,Charcoal,포천 중리,2,겨례문화유산연구원,1810,30,呂·凸자형
127.192812,37.579804,경기,Charcoal,하남 명월동 구산,5 ,고려문화재연구원,1630,60,방형
127.192812,37.579804,경기,Charcoal,하남 명월동 구산,8 ,고려문화재연구원,1700,60,방형
127.192812,37.579804,경기,Charcoal,하남 명월동 구산,1 ,고려문화재연구원,1720,60,방형
127.192812,37.579804,경기,Charcoal,하남 명월동 구산,9 ,고려문화재연구원,1730,60,방형
127.192812,37.579804,경기,Charcoal,하남 명월동 구산,4 ,고려문화재연구원,1750,60,방형
127.192812,37.579804,경기,Charcoal,하남 명월동 구산,12 ,고려문화재연구원,1750,60,방형
127.192812,37.579804,경기,Charcoal,하남 명월동 구산,11 ,고려문화재연구원,1830,60,방형
127.200673,37.577899,경기,Charcoal,하남 미사리,A 1,한양대학교,1730,50,呂·凸자형
127.091459,37.190436,경기,Charcoal,화성 감배산,A-39 ,경기대학교박물관,1600,60,방형
127.091459,37.190436,경기,Charcoal,화성 감배산,A-17 ,경기대학교박물관,1690,40,방형
127.091459,37.190436,경기,Charcoal,화성 감배산,A-3 ,경기대학교박물관,1790,60,방형
127.091459,37.190436,경기,Charcoal,화성 감배산,A-19 ,경기대학교박물관,1820,60,방형
127.091459,37.190436,경기,Charcoal,화성 감배산,C-2 ,경기대학교박물관,1850,60,방형
126.976671,37.230165,경기,Charcoal,화성 고금산,2 ,서울대학교박물관,1899,84,방형
127.076938,37.178637,경기,Charcoal,화성 금곡동,1,서경문화재연구원,1710,30,방형
127.07699,37.177221,경기,Charcoal,화성 금곡동,삼국시대 주거지,서경문화재연구원,1920,30,방형
126.828792,37.202471,경기,Unknown,화성 남양동Ⅱ,13-2 ,한백문화재연구원,1560,22 ,방형
126.828792,37.202471,경기,Unknown,화성 남양동Ⅱ,3-3 ,한백문화재연구원,1735,22 ,방형
126.828792,37.202471,경기,Unknown,화성 남양동Ⅱ,3-5 ,한백문화재연구원,1740,30 ,방형
126.947274,37.182765,경기,Charcoal,화성 마하리,1,서울대학교박물관,1720,29,방형
126.947274,37.182765,경기,Charcoal,화성 마하리,2,서울대학교박물관,1800,31,방형
126.948611,37.183757,경기,Charcoal,화성 마하리·관항리,3,기호문화재연구원,1750,30,장방형
126.948611,37.183757,경기,Charcoal,화성 마하리·관항리,9,기호문화재연구원,1760,30,장방형
126.903069,37.129636,경기,Charcoal,화성 발안리,43 ,기전문화재연구원,1560,50,방형
127.902813,37.129878,경기,Charcoal,화성 발안리,43,기전문화재연구원,1560,50,呂·凸자형
126.903069,37.129636,경기,Charcoal,화성 발안리,3 ,기전문화재연구원,1590,50,방형
127.902813,37.129878,경기,Charcoal,화성 발안리,3,기전문화재연구원,1590,50,呂·凸자형
126.903069,37.129636,경기,Charcoal,화성 발안리,38 ,기전문화재연구원,1780,50,방형
126.903069,37.129636,경기,Charcoal,화성 발안리,30 ,기전문화재연구원,1780,50,방형
127.902813,37.129878,경기,Charcoal,화성 발안리,38,기전문화재연구원,1780,50,呂·凸자형
127.902813,37.129878,경기,Charcoal,화성 발안리,30,기전문화재연구원,1780,50,呂·凸자형
126.903069,37.129636,경기,Charcoal,화성 발안리,51 ,기전문화재연구원,1800,50,방형
127.902813,37.129878,경기,Charcoal,화성 발안리,51,기전문화재연구원,1800,50,呂·凸자형
126.903069,37.129636,경기,Charcoal,화성 발안리,1  ,기전문화재연구원,1810,50,방형
127.902813,37.129878,경기,Charcoal,화성 발안리,1,기전문화재연구원,1810,50,呂·凸자형
126.903069,37.129636,경기,Charcoal,화성 발안리,5 ,기전문화재연구원,1840,60,방형
126.903069,37.129636,경기,Charcoal,화성 발안리,21  ,기전문화재연구원,1840,60,방형
127.902813,37.129878,경기,Charcoal,화성 발안리,5,기전문화재연구원,1840,60,呂·凸자형
127.902813,37.129878,경기,Charcoal,화성 발안리,21,기전문화재연구원,1840,60,呂·凸자형
126.903069,37.129636,경기,Charcoal,화성 발안리,27 ,기전문화재연구원,1850,50,방형
127.902813,37.129878,경기,Charcoal,화성 발안리,27,기전문화재연구원,1850,50,呂·凸자형
126.903069,37.129636,경기,Charcoal,화성 발안리,24 ,기전문화재연구원,1890,50,방형
127.902813,37.129878,경기,Charcoal,화성 발안리,24,기전문화재연구원,1890,50,呂·凸자형
126.903069,37.129636,경기,Charcoal,화성 발안리,12  ,기전문화재연구원,1950,50,방형
127.902813,37.129878,경기,Charcoal,화성 발안리,12,기전문화재연구원,1950,50,呂·凸자형
126.903069,37.129636,경기,Charcoal,화성 발안리,28 ,기전문화재연구원,1970,50,방형
127.902813,37.129878,경기,Charcoal,화성 발안리,28,기전문화재연구원,1970,50,呂·凸자형
126.903069,37.129636,경기,Charcoal,화성 발안리,19  ,기전문화재연구원,2080,50,방형
127.902813,37.129878,경기,Charcoal,화성 발안리,19,기전문화재연구원,2080,50,呂·凸자형
127.07208,37.205312,경기,Charcoal,화성 석우리,7 ,경기문화재연구원,1723,23,방형
127.07208,37.205312,경기,Charcoal,화성 석우리,6 ,경기문화재연구원,1730,36,방형
126.952196,37.075479,경기,Charcoal,화성 신왕리,2-1,서경문화재연구원,1700,30,呂·凸자형
126.946822,37.192675,경기,Charcoal,화성 왕림리 노리재골,1  ,중부고고학연구소,1620,40,방형
126.966868,37.11245,경기,Charcoal,화성 요리,2,화서문화재연구원,1680,30,방형
126.966868,37.11245,경기,Charcoal,화성 요리,4,화서문화재연구원,1610,30,방형
126.781242,37.079331,경기,Charcoal,화성 운평리,1,청구고고연구원,1730,30,타원형
126.893393,37.126708,경기,Unknown,화성 제암리,1,한양문화재연구원,1590,30,방형
127.098028,37.19868,경기,Unknown,화성 청계리,마-A-26 ,한백문화재연구원,1590,30 ,방형
127.098028,37.19868,경기,Unknown,화성 청계리,마-A-36,한백문화재연구원,1630,30 ,방형
127.098028,37.19868,경기,Unknown,화성 청계리,마-A-28,한백문화재연구원,1650,30 ,방형
127.098028,37.19868,경기,Unknown,화성 청계리,마-A-63  ,한백문화재연구원,1700,30 ,방형
127.098028,37.19868,경기,Unknown,화성 청계리,마-A-4,한백문화재연구원,1730,40 ,방형
127.098028,37.19868,경기,Unknown,화성 청계리,마-A Pottery,한백문화재연구원,1860,40 ,방형